Building_id,Building_name,X_Latitude,Y_Longitude,RoofArea,Demand,Max,Median,Noon
1,Agnes McGuire Social Work Building,53.30406606,-6.222581316,579.58,8.56364507,31.90999937,6.112499833,13.73122237
2,UCD Agriculture and Food Science Centre,53.30728046,-6.224505245,2279.41,121.7567966,260.9024887,106.7412472,158.599491
3,Ardmore Annexe,53.30778007,-6.220156174,429.18,8.213315505,42.59999847,5.21999991,14.32886581
4,Ardmore House,53.30750776,-6.220524539,389.76,3.747961834,9.78249979,2.969999969,4.99588103
5,Ashfield Residences,53.30422796,-6.221929716,1722.44,53.19237795,169.9799948,43.95374888,50.11749873
6,Annex Newstead,53.31008517,-6.235189581,159.62,59.02871652,158.5224991,42.19124937,90.0450799
7,Belfield Office Park,53.31207155,-6.233865603,899.28,8.11588238,19.4574995,10.12874973,7.813066753
8,Belgrove Student Residences,53.30469663,-6.223666693,3453.45,8.56364507,31.90999937,6.112499833,13.73122237
9,Bicycle Shop,53.30691644,-6.216666398,199.51,0.58565914,2.987499893,0.60499999,0.640874303
10,UCD Bowl,53.3104548,-6.227905601,508.93,52.17685818,114.6474991,42.95499897,72.29716369
11,Campus Services,53.30719033,-6.224079548,274.98,121.7567966,260.9024887,106.7412472,158.599491
12,UCD Centre for Molecular Innovation and Drug Discovery,53.30772555,-6.22430549,371.2,72.88348198,101.3174973,69.82624817,80.96648723
13,Centre for Experimental Pathogen Host Research (CEPHR),53.30833456,-6.220163405,698.28,8.213315505,42.59999847,5.21999991,14.32886581
14,Centre for Synthesis and Chemical Biology (CSCB),53.30789928,-6.223348171,494.87,72.88348198,101.3174973,69.82624817,80.96648723
15,Charles Institute,53.31017115,-6.225696802,263.48,169.0509573,376.9524918,129.3174963,247.7649739
16,UCD Clinton Centre for American Studies(Belfield House),53.30649841,-6.215855968,2182.76,2.013387932,14.18249941,0.64499998,4.055218486
17,UCD Computer Centre,53.30949523,-6.224764854,483.43,60.61245453,88.57499886,59.10749818,62.37217759
18,UCD Computer Science and Informatics Centre,53.30925206,-6.224047243,592.8,60.61245453,88.57499886,59.10749818,62.37217759
19,UCD Conway Institute,53.3102032,-6.224732548,959.82,169.0509573,376.9524918,129.3174963,247.7649739
20,Crannóg House,53.2998661,-6.221528403,287.4,10.58063498,38.33250142,9.485000253,13.1117084
21,Daedalus Building,53.30638388,-6.22018796,296.17,124.0275598,146.6099968,123.2487478,124.3301678
22,Energy Centre,53.30879517,-6.23251189,243.97,244.5149845,1191.55249,0,418.0082079
23,UCD Engineering & Materials Science Centre,53.30646228,-6.21845942,685.58,125.3882022,251.6549951,109.6524965,161.5267451
24,Environmental Protection Agency,53.31189333,-6.235865921,269.3,26.72130006,83.91249656,20.11624956,39.18088706
25,UCD Geary Institute (Arts Annexe),53.30382569,-6.222584099,714.84,8.56364507,31.90999937,6.112499833,13.73122237
26,Gerard Manley Hopkins Centre(UCD International Office),53.30514342,-6.220752135,1070.41,49.87870022,182.3249969,28.29874945,85.72413744
27,Glebe House,53.30032566,-6.222248916,205,10.58063498,38.33250142,9.485000253,13.1117084
28,Glenomena Student Residences,53.30401385,-6.215364483,2961.78,2.013387932,14.18249941,0.64499998,4.055218486
29,Hanna Sheehy-Skeffington Building,53.30420501,-6.222967098,207.62,8.56364507,31.90999937,6.112499833,13.73122237
30,Health Sciences Centre,53.30925505,-6.225874779,532.41,169.0509573,376.9524918,129.3174963,247.7649739
31,UCD Humanities Institute Ireland,53.303845,-6.223243358,238.58,8.56364507,31.90999937,6.112499833,13.73122237
32,Leinster Rugby,53.309239,-6.234213257,203.19,59.02871652,158.5224991,42.19124937,90.0450799
33,Irish Institute for Chinese Studies(UCD Confucious Institute),53.30594989,-6.217889155,371.89,16.41770182,58.78586673,12.10439432,28.25804723
34,UCD James Joyce Library,53.30675703,-6.223156312,1732.53,138.1769125,276.1333313,132.8691711,200.9436233
35,UCD John Hume Institute for Global Irish Studies(William Jefferson Clinton Auditorium),53.30673053,-6.217426878,395.49,127.4015901,254.717495,110.2087479,165.5819636
36,Medical Bureau of Road Safety (MBRS),53.30925184,-6.226819002,392.4,52.17685818,114.6474991,42.95499897,72.29716369
37,Merville Student Residences,53.30289666,-6.216152289,3471.31,33.3613244,102.2724974,30.20749946,41.23012881
38,National Hockey Stadium,53.3090445,-6.229028163,428.3,35.27457942,230.1574936,27.46874952,35.49459621
39,National Institute for Bioprocessing Research and Training (NIBRT),53.30295424,-6.214663704,784.92,2.013387932,14.18249941,0.64499998,4.055218486
40,National Virus Reference Laboratory (NVRL),53.30797987,-6.22054291,318.43,8.213315505,42.59999847,5.21999991,14.32886581
41,Newman Building,53.30654505,-6.22222099,3183.38,97.60217423,256.3974991,75.06124878,140.4978523
42,NovaUCD,53.30435672,-6.211558762,1849.6,23.51985489,54.59749795,19.5737493,32.55823013
43,Oakmount Créche,53.30548002,-6.230254976,209.8,1.041393461,14.20000029,0.200000002,2.106557411
44,UCD O’Kane Centre for Film Studies (Observatory),53.30528302,-6.226592491,139.64,1.041393461,14.20000029,0.200000002,2.106557411
45,O'Reilly Hall,53.30851693,-6.221539893,2245.57,19.87068233,114.0499973,9.213749647,36.88113304
46,Our Lady Seat of Wisdom Church,53.30722872,-6.225737706,199.8,121.7567966,260.9024887,106.7412472,158.599491
47,Pavillion,53.30985994,-6.22752237,247.2,52.17685818,114.6474991,42.95499897,72.29716369
48,Planning and Environmental Policy,53.3110755,-6.235463326,403.79,26.72130006,83.91249656,20.11624956,39.18088706
49,UCD Lochlann Quinn School of Business,53.30458536,-6.219970245,1537.2,35.66421909,113.8650026,29.90499961,46.03096212
49a,UCD Moore Centre,53.3043738,-6.219573236,1129.93,10.96569932,35.18999958,7.0424999,16.67797774
50,UCD Research,53.30693321,-6.221722769,169.95,21.53612002,60.84499835,16.63499928,29.13207587
51,Restaurant,53.30549046,-6.220552279,9991.51,49.87870022,182.3249969,28.29874945,85.72413744
52,Richview Buildings Laboratory,53.3115382,-6.235628163,179.3,26.72130006,83.91249656,20.11624956,39.18088706
53,Richview Lecture Building,53.31074789,-6.236026965,128.62,26.72130006,83.91249656,20.11624956,39.18088706
54,Richview Library,53.31089281,-6.235911269,351.7,26.72130006,83.91249656,20.11624956,39.18088706
55,Richview Memorial Hall,53.3107958,-6.236495164,298.34,26.72130006,83.91249656,20.11624956,39.18088706
56,Newstead Block A,53.30979029,-6.234717512,149.52,59.02871652,158.5224991,42.19124937,90.0450799
57,Newstead Block B (Main Bld),53.30927105,-6.233333492,219.8,59.02871652,158.5224991,42.19124937,90.0450799
58,UCD Institute of Sport & Health,53.30969414,-6.232754135,361.1,59.02871652,158.5224991,42.19124937,90.0450799
59,Richview School of Architecture,53.31106039,-6.236696536,409.33,26.72130006,83.91249656,20.11624956,39.18088706
60,Roebuck Castle,53.30094,-6.221570119,2014.3,10.58063498,38.33250142,9.485000253,13.1117084
61,Roebuck Hall Residence,53.30181466,-6.219369601,783.1,10.58063498,38.33250142,9.485000253,13.1117084
62,Roebuck Offices,53.30137419,-6.221242848,643.7,9.606353099,30.19999933,8.589999915,12.68938496
63,UCD Rosemount Environmental Research Station,53.30552122,-6.234157074,273.6,6.217716732,23.87499905,2.694999934,10.63278663
64,UCD O’Brien Centre for Science (Hub),53.30790393,-6.224406718,425.5,58.25562881,219.8649941,37.82624912,93.46643238
65,UCD O’Brien Centre for Science (North),53.30902924,-6.224246457,393.39,3.332912037,14.59749961,2.972499966,3.857793631
66,UCD O’Brien Centre for Science (West),53.30826293,-6.225329398,741.12,6.720572761,34.44249916,4.621249973,7.554419227
67,UCD O’Brien Centre for Science (East),53.30829498,-6.223687886,591.6,58.25562881,219.8649941,37.82624912,93.46643238
68,UCD Sports Centre,53.30816104,-6.229583918,602.79,35.27457942,230.1574936,27.46874952,35.49459621
69,St. Stephens,53.30549306,-6.217368903,187.96,16.41770182,58.78586673,12.10439432,28.25804723
70,UCD Student Centre,53.30808778,-6.226580188,1009.75,47.60698862,129.7749977,41.14749909,61.95236885
71,Building 71,53.30488957,-6.220489316,954.96,35.66421909,113.8650026,29.90499961,46.03096212
72,UCD Sutherland School of Law,53.30409356,-6.218539911,3017.4,33.3613244,102.2724974,30.20749946,41.23012881
73,Systems Biology Ireland (SBI),53.31008696,-6.22591022,297.34,169.0509573,376.9524918,129.3174963,247.7649739
74,Tierney Building (Administration Building),53.30702222,-6.221085254,782.73,21.53612002,60.84499835,16.63499928,29.13207587
75,UCD Earth Institute - Richview,53.31064705,-6.235753445,702.18,26.72130006,83.91249656,20.11624956,39.18088706
76,Veterinary Hospital,53.30982215,-6.221553203,1028.78,213.1463363,400.6124878,178.8662453,276.6967633
77,UCD Veterinary Sciences Centre,53.30923038,-6.222782349,1038.03,213.1463363,400.6124878,178.8662453,276.6967633
78,Woodview House,53.31023809,-6.223226837,1098.42,5.981935771,30.49999952,4.319999963,10.28821699
79,UCD Village,53.30359808,-6.218242696,4531.14,10.58063498,38.33250142,9.485000253,13.1117084
80,Running Track,53.31088234,-6.233819043,0,26.72130006,83.91249656,20.11624956,39.18088706
81,University Club,53.30875605,-6.22201547,891.55,34.36738369,120.7274981,25.89249945,58.80549056